{
	"name": "Daily Trigger",
	"properties": {
		"description": "This will trigger the Job daily.",
		"annotations": [],
		"runtimeState": "Stopped",
		"pipelines": [
			{
				"pipelineReference": {
					"referenceName": "ADF-Pipeline-Topgear",
					"type": "PipelineReference"
				}
			}
		],
		"type": "ScheduleTrigger",
		"typeProperties": {
			"recurrence": {
				"frequency": "Day",
				"interval": 1,
				"startTime": "2023-01-25T06:00:00",
				"timeZone": "India Standard Time",
				"schedule": {
					"minutes": [
						15
					],
					"hours": [
						12
					]
				}
			}
		}
	}
}