{
	"name": "Weekly Trigger",
	"properties": {
		"annotations": [],
		"runtimeState": "Stopped",
		"pipelines": [
			{
				"pipelineReference": {
					"referenceName": "ADF-Pipeline-Topgear",
					"type": "PipelineReference"
				}
			}
		],
		"type": "ScheduleTrigger",
		"typeProperties": {
			"recurrence": {
				"frequency": "Week",
				"interval": 1,
				"startTime": "2023-01-25T06:04:00Z",
				"timeZone": "UTC",
				"schedule": {
					"minutes": [
						15
					],
					"hours": [
						12
					],
					"weekDays": [
						"Monday"
					]
				}
			}
		}
	}
}